"region","occupation (SSYK 2012)","sector","sex","2014","2015","2016","2017"
"01 Stockholm county","311 Physical and engineering science technicians","central government","men",380,428,463,495
"01 Stockholm county","311 Physical and engineering science technicians","central government","women",144,156,153,178
"01 Stockholm county","311 Physical and engineering science technicians","central government quasi-corporations","men",17,21,21,16
"01 Stockholm county","311 Physical and engineering science technicians","central government quasi-corporations","women",5,6,10,11
"01 Stockholm county","311 Physical and engineering science technicians","primary local government","men",422,426,448,462
"01 Stockholm county","311 Physical and engineering science technicians","primary local government","women",351,355,397,374
"01 Stockholm county","311 Physical and engineering science technicians","county councils","men",46,35,50,55
"01 Stockholm county","311 Physical and engineering science technicians","county councils","women",33,30,31,35
"01 Stockholm county","311 Physical and engineering science technicians","other public institutions","men",1,0,0,0
"01 Stockholm county","311 Physical and engineering science technicians","other public institutions","women",1,2,4,1
"01 Stockholm county","311 Physical and engineering science technicians","joint-stock corporations not controlled by the government sector","men",13707,14083,14732,15157
"01 Stockholm county","311 Physical and engineering science technicians","joint-stock corporations not controlled by the government sector","women",3235,3419,3813,4054
"01 Stockholm county","311 Physical and engineering science technicians","other corporations not controlled by the government sector","men",192,181,210,226
"01 Stockholm county","311 Physical and engineering science technicians","other corporations not controlled by the government sector","women",27,30,28,32
"01 Stockholm county","311 Physical and engineering science technicians","central government corporations and organisations","men",504,458,467,529
"01 Stockholm county","311 Physical and engineering science technicians","central government corporations and organisations","women",187,170,165,199
"01 Stockholm county","311 Physical and engineering science technicians","local government corporations and organisations","men",410,408,449,489
"01 Stockholm county","311 Physical and engineering science technicians","local government corporations and organisations","women",113,113,128,169
"01 Stockholm county","311 Physical and engineering science technicians","other organisations","men",93,94,100,92
"01 Stockholm county","311 Physical and engineering science technicians","other organisations","women",35,38,41,43
"01 Stockholm county","311 Physical and engineering science technicians","information missing","men",0,0,0,0
"01 Stockholm county","311 Physical and engineering science technicians","information missing","women",0,0,0,0
"03 Uppsala county","311 Physical and engineering science technicians","central government","men",143,144,161,164
"03 Uppsala county","311 Physical and engineering science technicians","central government","women",27,25,26,25
"03 Uppsala county","311 Physical and engineering science technicians","central government quasi-corporations","men",0,0,0,0
"03 Uppsala county","311 Physical and engineering science technicians","central government quasi-corporations","women",0,0,0,0
"03 Uppsala county","311 Physical and engineering science technicians","primary local government","men",85,89,87,91
"03 Uppsala county","311 Physical and engineering science technicians","primary local government","women",61,58,60,66
"03 Uppsala county","311 Physical and engineering science technicians","county councils","men",33,31,26,29
"03 Uppsala county","311 Physical and engineering science technicians","county councils","women",12,12,13,10
"03 Uppsala county","311 Physical and engineering science technicians","other public institutions","men",0,0,0,0
"03 Uppsala county","311 Physical and engineering science technicians","other public institutions","women",0,0,0,0
"03 Uppsala county","311 Physical and engineering science technicians","joint-stock corporations not controlled by the government sector","men",1469,1387,1566,1679
"03 Uppsala county","311 Physical and engineering science technicians","joint-stock corporations not controlled by the government sector","women",369,327,347,402
"03 Uppsala county","311 Physical and engineering science technicians","other corporations not controlled by the government sector","men",16,28,34,33
"03 Uppsala county","311 Physical and engineering science technicians","other corporations not controlled by the government sector","women",3,4,2,1
"03 Uppsala county","311 Physical and engineering science technicians","central government corporations and organisations","men",556,561,587,708
"03 Uppsala county","311 Physical and engineering science technicians","central government corporations and organisations","women",111,100,100,146
"03 Uppsala county","311 Physical and engineering science technicians","local government corporations and organisations","men",26,37,49,53
"03 Uppsala county","311 Physical and engineering science technicians","local government corporations and organisations","women",18,22,28,25
"03 Uppsala county","311 Physical and engineering science technicians","other organisations","men",24,20,19,26
"03 Uppsala county","311 Physical and engineering science technicians","other organisations","women",9,5,8,10
"03 Uppsala county","311 Physical and engineering science technicians","information missing","men",0,0,0,0
"03 Uppsala county","311 Physical and engineering science technicians","information missing","women",0,0,0,0
"04 Södermanland county","311 Physical and engineering science technicians","central government","men",25,29,23,20
"04 Södermanland county","311 Physical and engineering science technicians","central government","women",4,4,4,10
"04 Södermanland county","311 Physical and engineering science technicians","central government quasi-corporations","men",0,0,0,0
"04 Södermanland county","311 Physical and engineering science technicians","central government quasi-corporations","women",0,0,0,0
"04 Södermanland county","311 Physical and engineering science technicians","primary local government","men",61,64,71,73
"04 Södermanland county","311 Physical and engineering science technicians","primary local government","women",40,28,31,28
"04 Södermanland county","311 Physical and engineering science technicians","county councils","men",13,13,14,13
"04 Södermanland county","311 Physical and engineering science technicians","county councils","women",4,4,4,5
"04 Södermanland county","311 Physical and engineering science technicians","other public institutions","men",0,0,0,0
"04 Södermanland county","311 Physical and engineering science technicians","other public institutions","women",0,0,0,0
"04 Södermanland county","311 Physical and engineering science technicians","joint-stock corporations not controlled by the government sector","men",1937,1845,1989,1912
"04 Södermanland county","311 Physical and engineering science technicians","joint-stock corporations not controlled by the government sector","women",452,409,398,383
"04 Södermanland county","311 Physical and engineering science technicians","other corporations not controlled by the government sector","men",1,2,24,23
"04 Södermanland county","311 Physical and engineering science technicians","other corporations not controlled by the government sector","women",1,0,2,2
"04 Södermanland county","311 Physical and engineering science technicians","central government corporations and organisations","men",59,58,42,52
"04 Södermanland county","311 Physical and engineering science technicians","central government corporations and organisations","women",12,8,6,7
"04 Södermanland county","311 Physical and engineering science technicians","local government corporations and organisations","men",130,131,139,163
"04 Södermanland county","311 Physical and engineering science technicians","local government corporations and organisations","women",39,44,50,47
"04 Södermanland county","311 Physical and engineering science technicians","other organisations","men",12,7,11,7
"04 Södermanland county","311 Physical and engineering science technicians","other organisations","women",2,2,13,1
"04 Södermanland county","311 Physical and engineering science technicians","information missing","men",0,0,0,0
"04 Södermanland county","311 Physical and engineering science technicians","information missing","women",0,0,0,0
"05 Östergötland county","311 Physical and engineering science technicians","central government","men",137,141,144,131
"05 Östergötland county","311 Physical and engineering science technicians","central government","women",18,19,25,32
"05 Östergötland county","311 Physical and engineering science technicians","central government quasi-corporations","men",35,35,33,33
"05 Östergötland county","311 Physical and engineering science technicians","central government quasi-corporations","women",31,28,24,27
"05 Östergötland county","311 Physical and engineering science technicians","primary local government","men",100,105,102,109
"05 Östergötland county","311 Physical and engineering science technicians","primary local government","women",53,65,63,58
"05 Östergötland county","311 Physical and engineering science technicians","county councils","men",25,27,27,28
"05 Östergötland county","311 Physical and engineering science technicians","county councils","women",7,10,9,7
"05 Östergötland county","311 Physical and engineering science technicians","other public institutions","men",0,0,0,0
"05 Östergötland county","311 Physical and engineering science technicians","other public institutions","women",0,0,0,0
"05 Östergötland county","311 Physical and engineering science technicians","joint-stock corporations not controlled by the government sector","men",3419,3082,3121,3139
"05 Östergötland county","311 Physical and engineering science technicians","joint-stock corporations not controlled by the government sector","women",674,596,561,599
"05 Östergötland county","311 Physical and engineering science technicians","other corporations not controlled by the government sector","men",21,20,18,40
"05 Östergötland county","311 Physical and engineering science technicians","other corporations not controlled by the government sector","women",0,2,1,0
"05 Östergötland county","311 Physical and engineering science technicians","central government corporations and organisations","men",93,80,82,88
"05 Östergötland county","311 Physical and engineering science technicians","central government corporations and organisations","women",22,19,18,16
"05 Östergötland county","311 Physical and engineering science technicians","local government corporations and organisations","men",242,259,265,274
"05 Östergötland county","311 Physical and engineering science technicians","local government corporations and organisations","women",66,65,71,75
"05 Östergötland county","311 Physical and engineering science technicians","other organisations","men",32,25,30,26
"05 Östergötland county","311 Physical and engineering science technicians","other organisations","women",3,4,2,3
"05 Östergötland county","311 Physical and engineering science technicians","information missing","men",0,0,0,0
"05 Östergötland county","311 Physical and engineering science technicians","information missing","women",0,0,0,0
"06 Jönköping county","311 Physical and engineering science technicians","central government","men",37,42,39,40
"06 Jönköping county","311 Physical and engineering science technicians","central government","women",8,9,13,13
"06 Jönköping county","311 Physical and engineering science technicians","central government quasi-corporations","men",0,0,0,0
"06 Jönköping county","311 Physical and engineering science technicians","central government quasi-corporations","women",0,0,0,0
"06 Jönköping county","311 Physical and engineering science technicians","primary local government","men",125,134,125,124
"06 Jönköping county","311 Physical and engineering science technicians","primary local government","women",60,64,70,67
"06 Jönköping county","311 Physical and engineering science technicians","county councils","men",11,10,13,17
"06 Jönköping county","311 Physical and engineering science technicians","county councils","women",2,2,3,3
"06 Jönköping county","311 Physical and engineering science technicians","other public institutions","men",0,0,0,0
"06 Jönköping county","311 Physical and engineering science technicians","other public institutions","women",0,0,0,0
"06 Jönköping county","311 Physical and engineering science technicians","joint-stock corporations not controlled by the government sector","men",2555,2631,2830,3060
"06 Jönköping county","311 Physical and engineering science technicians","joint-stock corporations not controlled by the government sector","women",435,455,534,579
"06 Jönköping county","311 Physical and engineering science technicians","other corporations not controlled by the government sector","men",23,32,32,30
"06 Jönköping county","311 Physical and engineering science technicians","other corporations not controlled by the government sector","women",0,0,2,4
"06 Jönköping county","311 Physical and engineering science technicians","central government corporations and organisations","men",42,39,41,35
"06 Jönköping county","311 Physical and engineering science technicians","central government corporations and organisations","women",6,4,5,10
"06 Jönköping county","311 Physical and engineering science technicians","local government corporations and organisations","men",77,80,92,123
"06 Jönköping county","311 Physical and engineering science technicians","local government corporations and organisations","women",12,13,19,23
"06 Jönköping county","311 Physical and engineering science technicians","other organisations","men",17,14,10,8
"06 Jönköping county","311 Physical and engineering science technicians","other organisations","women",3,3,4,3
"06 Jönköping county","311 Physical and engineering science technicians","information missing","men",0,0,0,0
"06 Jönköping county","311 Physical and engineering science technicians","information missing","women",0,0,0,0
"07 Kronoberg county","311 Physical and engineering science technicians","central government","men",7,11,7,13
"07 Kronoberg county","311 Physical and engineering science technicians","central government","women",7,7,6,4
"07 Kronoberg county","311 Physical and engineering science technicians","central government quasi-corporations","men",0,0,0,0
"07 Kronoberg county","311 Physical and engineering science technicians","central government quasi-corporations","women",0,0,0,0
"07 Kronoberg county","311 Physical and engineering science technicians","primary local government","men",77,86,83,88
"07 Kronoberg county","311 Physical and engineering science technicians","primary local government","women",53,50,49,49
"07 Kronoberg county","311 Physical and engineering science technicians","county councils","men",6,7,7,8
"07 Kronoberg county","311 Physical and engineering science technicians","county councils","women",2,4,4,4
"07 Kronoberg county","311 Physical and engineering science technicians","other public institutions","men",0,0,0,0
"07 Kronoberg county","311 Physical and engineering science technicians","other public institutions","women",0,0,0,0
"07 Kronoberg county","311 Physical and engineering science technicians","joint-stock corporations not controlled by the government sector","men",1499,1422,1454,1597
"07 Kronoberg county","311 Physical and engineering science technicians","joint-stock corporations not controlled by the government sector","women",239,234,211,305
"07 Kronoberg county","311 Physical and engineering science technicians","other corporations not controlled by the government sector","men",16,14,12,13
"07 Kronoberg county","311 Physical and engineering science technicians","other corporations not controlled by the government sector","women",1,0,1,0
"07 Kronoberg county","311 Physical and engineering science technicians","central government corporations and organisations","men",19,19,17,17
"07 Kronoberg county","311 Physical and engineering science technicians","central government corporations and organisations","women",9,7,7,5
"07 Kronoberg county","311 Physical and engineering science technicians","local government corporations and organisations","men",54,48,53,59
"07 Kronoberg county","311 Physical and engineering science technicians","local government corporations and organisations","women",5,7,10,9
"07 Kronoberg county","311 Physical and engineering science technicians","other organisations","men",18,16,16,10
"07 Kronoberg county","311 Physical and engineering science technicians","other organisations","women",6,5,3,1
"07 Kronoberg county","311 Physical and engineering science technicians","information missing","men",0,0,0,0
"07 Kronoberg county","311 Physical and engineering science technicians","information missing","women",0,0,0,0
"08 Kalmar county","311 Physical and engineering science technicians","central government","men",8,10,9,7
"08 Kalmar county","311 Physical and engineering science technicians","central government","women",3,2,5,4
"08 Kalmar county","311 Physical and engineering science technicians","central government quasi-corporations","men",0,0,0,0
"08 Kalmar county","311 Physical and engineering science technicians","central government quasi-corporations","women",0,0,0,0
"08 Kalmar county","311 Physical and engineering science technicians","primary local government","men",64,60,54,62
"08 Kalmar county","311 Physical and engineering science technicians","primary local government","women",23,23,28,28
"08 Kalmar county","311 Physical and engineering science technicians","county councils","men",14,14,15,19
"08 Kalmar county","311 Physical and engineering science technicians","county councils","women",3,4,4,4
"08 Kalmar county","311 Physical and engineering science technicians","other public institutions","men",0,0,0,0
"08 Kalmar county","311 Physical and engineering science technicians","other public institutions","women",2,1,0,0
"08 Kalmar county","311 Physical and engineering science technicians","joint-stock corporations not controlled by the government sector","men",1346,1332,1286,1296
"08 Kalmar county","311 Physical and engineering science technicians","joint-stock corporations not controlled by the government sector","women",192,188,188,183
"08 Kalmar county","311 Physical and engineering science technicians","other corporations not controlled by the government sector","men",10,8,9,13
"08 Kalmar county","311 Physical and engineering science technicians","other corporations not controlled by the government sector","women",0,0,0,0
"08 Kalmar county","311 Physical and engineering science technicians","central government corporations and organisations","men",93,94,67,123
"08 Kalmar county","311 Physical and engineering science technicians","central government corporations and organisations","women",25,26,25,28
"08 Kalmar county","311 Physical and engineering science technicians","local government corporations and organisations","men",57,57,70,63
"08 Kalmar county","311 Physical and engineering science technicians","local government corporations and organisations","women",18,20,17,12
"08 Kalmar county","311 Physical and engineering science technicians","other organisations","men",12,14,43,42
"08 Kalmar county","311 Physical and engineering science technicians","other organisations","women",1,2,4,4
"08 Kalmar county","311 Physical and engineering science technicians","information missing","men",0,0,0,0
"08 Kalmar county","311 Physical and engineering science technicians","information missing","women",0,0,0,0
"09 Gotland county","311 Physical and engineering science technicians","central government","men",16,18,19,16
"09 Gotland county","311 Physical and engineering science technicians","central government","women",1,0,2,4
"09 Gotland county","311 Physical and engineering science technicians","central government quasi-corporations","men",0,0,0,0
"09 Gotland county","311 Physical and engineering science technicians","central government quasi-corporations","women",0,0,0,0
"09 Gotland county","311 Physical and engineering science technicians","primary local government","men",32,31,30,39
"09 Gotland county","311 Physical and engineering science technicians","primary local government","women",14,14,14,13
"09 Gotland county","311 Physical and engineering science technicians","county councils","men",0,0,0,0
"09 Gotland county","311 Physical and engineering science technicians","county councils","women",0,0,0,0
"09 Gotland county","311 Physical and engineering science technicians","other public institutions","men",0,0,0,0
"09 Gotland county","311 Physical and engineering science technicians","other public institutions","women",0,0,0,0
"09 Gotland county","311 Physical and engineering science technicians","joint-stock corporations not controlled by the government sector","men",124,113,99,106
"09 Gotland county","311 Physical and engineering science technicians","joint-stock corporations not controlled by the government sector","women",11,14,9,14
"09 Gotland county","311 Physical and engineering science technicians","other corporations not controlled by the government sector","men",4,5,5,5
"09 Gotland county","311 Physical and engineering science technicians","other corporations not controlled by the government sector","women",0,0,0,0
"09 Gotland county","311 Physical and engineering science technicians","central government corporations and organisations","men",23,30,44,29
"09 Gotland county","311 Physical and engineering science technicians","central government corporations and organisations","women",7,8,9,9
"09 Gotland county","311 Physical and engineering science technicians","local government corporations and organisations","men",0,1,1,3
"09 Gotland county","311 Physical and engineering science technicians","local government corporations and organisations","women",0,0,0,0
"09 Gotland county","311 Physical and engineering science technicians","other organisations","men",4,2,2,1
"09 Gotland county","311 Physical and engineering science technicians","other organisations","women",1,0,0,0
"09 Gotland county","311 Physical and engineering science technicians","information missing","men",0,0,0,0
"09 Gotland county","311 Physical and engineering science technicians","information missing","women",0,0,0,0
"10 Blekinge county","311 Physical and engineering science technicians","central government","men",206,220,248,274
"10 Blekinge county","311 Physical and engineering science technicians","central government","women",29,29,39,40
"10 Blekinge county","311 Physical and engineering science technicians","central government quasi-corporations","men",0,0,0,0
"10 Blekinge county","311 Physical and engineering science technicians","central government quasi-corporations","women",0,0,0,0
"10 Blekinge county","311 Physical and engineering science technicians","primary local government","men",25,25,25,34
"10 Blekinge county","311 Physical and engineering science technicians","primary local government","women",20,26,23,24
"10 Blekinge county","311 Physical and engineering science technicians","county councils","men",14,13,16,16
"10 Blekinge county","311 Physical and engineering science technicians","county councils","women",5,5,4,5
"10 Blekinge county","311 Physical and engineering science technicians","other public institutions","men",0,0,0,0
"10 Blekinge county","311 Physical and engineering science technicians","other public institutions","women",0,0,0,0
"10 Blekinge county","311 Physical and engineering science technicians","joint-stock corporations not controlled by the government sector","men",1268,1035,1019,1150
"10 Blekinge county","311 Physical and engineering science technicians","joint-stock corporations not controlled by the government sector","women",204,171,162,193
"10 Blekinge county","311 Physical and engineering science technicians","other corporations not controlled by the government sector","men",14,13,13,13
"10 Blekinge county","311 Physical and engineering science technicians","other corporations not controlled by the government sector","women",2,1,0,0
"10 Blekinge county","311 Physical and engineering science technicians","central government corporations and organisations","men",9,8,9,9
"10 Blekinge county","311 Physical and engineering science technicians","central government corporations and organisations","women",1,2,3,5
"10 Blekinge county","311 Physical and engineering science technicians","local government corporations and organisations","men",20,21,23,24
"10 Blekinge county","311 Physical and engineering science technicians","local government corporations and organisations","women",5,7,5,5
"10 Blekinge county","311 Physical and engineering science technicians","other organisations","men",5,4,9,13
"10 Blekinge county","311 Physical and engineering science technicians","other organisations","women",2,2,3,3
"10 Blekinge county","311 Physical and engineering science technicians","information missing","men",0,0,0,0
"10 Blekinge county","311 Physical and engineering science technicians","information missing","women",0,0,0,0
"12 Skåne county","311 Physical and engineering science technicians","central government","men",141,144,147,141
"12 Skåne county","311 Physical and engineering science technicians","central government","women",38,33,43,43
"12 Skåne county","311 Physical and engineering science technicians","central government quasi-corporations","men",7,6,6,5
"12 Skåne county","311 Physical and engineering science technicians","central government quasi-corporations","women",0,0,0,0
"12 Skåne county","311 Physical and engineering science technicians","primary local government","men",383,386,420,423
"12 Skåne county","311 Physical and engineering science technicians","primary local government","women",231,232,246,265
"12 Skåne county","311 Physical and engineering science technicians","county councils","men",30,35,29,27
"12 Skåne county","311 Physical and engineering science technicians","county councils","women",7,11,9,9
"12 Skåne county","311 Physical and engineering science technicians","other public institutions","men",1,1,1,1
"12 Skåne county","311 Physical and engineering science technicians","other public institutions","women",2,3,2,2
"12 Skåne county","311 Physical and engineering science technicians","joint-stock corporations not controlled by the government sector","men",6646,7055,7357,7604
"12 Skåne county","311 Physical and engineering science technicians","joint-stock corporations not controlled by the government sector","women",1343,1428,1504,1644
"12 Skåne county","311 Physical and engineering science technicians","other corporations not controlled by the government sector","men",116,116,99,95
"12 Skåne county","311 Physical and engineering science technicians","other corporations not controlled by the government sector","women",8,12,11,10
"12 Skåne county","311 Physical and engineering science technicians","central government corporations and organisations","men",120,122,118,120
"12 Skåne county","311 Physical and engineering science technicians","central government corporations and organisations","women",31,21,27,26
"12 Skåne county","311 Physical and engineering science technicians","local government corporations and organisations","men",261,270,280,290
"12 Skåne county","311 Physical and engineering science technicians","local government corporations and organisations","women",66,68,87,89
"12 Skåne county","311 Physical and engineering science technicians","other organisations","men",68,65,61,62
"12 Skåne county","311 Physical and engineering science technicians","other organisations","women",21,23,17,11
"12 Skåne county","311 Physical and engineering science technicians","information missing","men",0,0,0,0
"12 Skåne county","311 Physical and engineering science technicians","information missing","women",0,0,0,0
"13 Halland county","311 Physical and engineering science technicians","central government","men",43,46,46,50
"13 Halland county","311 Physical and engineering science technicians","central government","women",5,5,4,10
"13 Halland county","311 Physical and engineering science technicians","central government quasi-corporations","men",1,0,0,0
"13 Halland county","311 Physical and engineering science technicians","central government quasi-corporations","women",1,1,1,1
"13 Halland county","311 Physical and engineering science technicians","primary local government","men",104,101,97,108
"13 Halland county","311 Physical and engineering science technicians","primary local government","women",66,72,77,74
"13 Halland county","311 Physical and engineering science technicians","county councils","men",16,14,18,15
"13 Halland county","311 Physical and engineering science technicians","county councils","women",6,6,6,8
"13 Halland county","311 Physical and engineering science technicians","other public institutions","men",0,0,0,0
"13 Halland county","311 Physical and engineering science technicians","other public institutions","women",0,0,0,0
"13 Halland county","311 Physical and engineering science technicians","joint-stock corporations not controlled by the government sector","men",1373,1375,1440,1461
"13 Halland county","311 Physical and engineering science technicians","joint-stock corporations not controlled by the government sector","women",209,218,230,260
"13 Halland county","311 Physical and engineering science technicians","other corporations not controlled by the government sector","men",10,31,30,35
"13 Halland county","311 Physical and engineering science technicians","other corporations not controlled by the government sector","women",2,3,3,2
"13 Halland county","311 Physical and engineering science technicians","central government corporations and organisations","men",465,455,417,398
"13 Halland county","311 Physical and engineering science technicians","central government corporations and organisations","women",79,90,78,79
"13 Halland county","311 Physical and engineering science technicians","local government corporations and organisations","men",56,60,65,66
"13 Halland county","311 Physical and engineering science technicians","local government corporations and organisations","women",20,19,22,27
"13 Halland county","311 Physical and engineering science technicians","other organisations","men",24,25,36,36
"13 Halland county","311 Physical and engineering science technicians","other organisations","women",1,0,5,10
"13 Halland county","311 Physical and engineering science technicians","information missing","men",0,0,0,0
"13 Halland county","311 Physical and engineering science technicians","information missing","women",0,0,0,0
"14 Västra Götaland county","311 Physical and engineering science technicians","central government","men",322,333,377,350
"14 Västra Götaland county","311 Physical and engineering science technicians","central government","women",59,81,112,129
"14 Västra Götaland county","311 Physical and engineering science technicians","central government quasi-corporations","men",10,9,8,8
"14 Västra Götaland county","311 Physical and engineering science technicians","central government quasi-corporations","women",0,0,0,0
"14 Västra Götaland county","311 Physical and engineering science technicians","primary local government","men",511,517,546,585
"14 Västra Götaland county","311 Physical and engineering science technicians","primary local government","women",321,333,381,405
"14 Västra Götaland county","311 Physical and engineering science technicians","county councils","men",88,88,94,102
"14 Västra Götaland county","311 Physical and engineering science technicians","county councils","women",21,26,31,39
"14 Västra Götaland county","311 Physical and engineering science technicians","other public institutions","men",0,0,0,0
"14 Västra Götaland county","311 Physical and engineering science technicians","other public institutions","women",1,1,0,0
"14 Västra Götaland county","311 Physical and engineering science technicians","joint-stock corporations not controlled by the government sector","men",13458,12881,13322,14133
"14 Västra Götaland county","311 Physical and engineering science technicians","joint-stock corporations not controlled by the government sector","women",2855,2720,2884,3194
"14 Västra Götaland county","311 Physical and engineering science technicians","other corporations not controlled by the government sector","men",188,218,255,269
"14 Västra Götaland county","311 Physical and engineering science technicians","other corporations not controlled by the government sector","women",25,35,38,34
"14 Västra Götaland county","311 Physical and engineering science technicians","central government corporations and organisations","men",456,444,460,497
"14 Västra Götaland county","311 Physical and engineering science technicians","central government corporations and organisations","women",101,93,103,121
"14 Västra Götaland county","311 Physical and engineering science technicians","local government corporations and organisations","men",519,580,603,516
"14 Västra Götaland county","311 Physical and engineering science technicians","local government corporations and organisations","women",153,172,171,158
"14 Västra Götaland county","311 Physical and engineering science technicians","other organisations","men",91,90,85,79
"14 Västra Götaland county","311 Physical and engineering science technicians","other organisations","women",28,29,26,25
"14 Västra Götaland county","311 Physical and engineering science technicians","information missing","men",0,0,0,0
"14 Västra Götaland county","311 Physical and engineering science technicians","information missing","women",0,0,0,0
"17 Värmland county","311 Physical and engineering science technicians","central government","men",25,25,21,21
"17 Värmland county","311 Physical and engineering science technicians","central government","women",6,6,10,10
"17 Värmland county","311 Physical and engineering science technicians","central government quasi-corporations","men",0,0,0,0
"17 Värmland county","311 Physical and engineering science technicians","central government quasi-corporations","women",0,0,0,0
"17 Värmland county","311 Physical and engineering science technicians","primary local government","men",100,96,96,100
"17 Värmland county","311 Physical and engineering science technicians","primary local government","women",49,51,58,61
"17 Värmland county","311 Physical and engineering science technicians","county councils","men",25,25,21,24
"17 Värmland county","311 Physical and engineering science technicians","county councils","women",4,4,6,7
"17 Värmland county","311 Physical and engineering science technicians","other public institutions","men",0,0,0,0
"17 Värmland county","311 Physical and engineering science technicians","other public institutions","women",0,0,0,0
"17 Värmland county","311 Physical and engineering science technicians","joint-stock corporations not controlled by the government sector","men",1692,1658,1831,1792
"17 Värmland county","311 Physical and engineering science technicians","joint-stock corporations not controlled by the government sector","women",306,297,355,387
"17 Värmland county","311 Physical and engineering science technicians","other corporations not controlled by the government sector","men",5,7,24,25
"17 Värmland county","311 Physical and engineering science technicians","other corporations not controlled by the government sector","women",1,1,3,3
"17 Värmland county","311 Physical and engineering science technicians","central government corporations and organisations","men",37,30,36,33
"17 Värmland county","311 Physical and engineering science technicians","central government corporations and organisations","women",8,8,8,7
"17 Värmland county","311 Physical and engineering science technicians","local government corporations and organisations","men",35,34,39,43
"17 Värmland county","311 Physical and engineering science technicians","local government corporations and organisations","women",9,7,8,8
"17 Värmland county","311 Physical and engineering science technicians","other organisations","men",16,18,23,21
"17 Värmland county","311 Physical and engineering science technicians","other organisations","women",1,4,2,0
"17 Värmland county","311 Physical and engineering science technicians","information missing","men",0,0,0,0
"17 Värmland county","311 Physical and engineering science technicians","information missing","women",0,0,0,0
"18 Örebro county","311 Physical and engineering science technicians","central government","men",42,37,34,38
"18 Örebro county","311 Physical and engineering science technicians","central government","women",14,13,13,13
"18 Örebro county","311 Physical and engineering science technicians","central government quasi-corporations","men",0,1,1,0
"18 Örebro county","311 Physical and engineering science technicians","central government quasi-corporations","women",0,0,0,0
"18 Örebro county","311 Physical and engineering science technicians","primary local government","men",72,76,75,73
"18 Örebro county","311 Physical and engineering science technicians","primary local government","women",41,40,37,42
"18 Örebro county","311 Physical and engineering science technicians","county councils","men",17,20,19,17
"18 Örebro county","311 Physical and engineering science technicians","county councils","women",6,7,6,3
"18 Örebro county","311 Physical and engineering science technicians","other public institutions","men",0,0,0,0
"18 Örebro county","311 Physical and engineering science technicians","other public institutions","women",0,0,0,0
"18 Örebro county","311 Physical and engineering science technicians","joint-stock corporations not controlled by the government sector","men",2138,2168,2223,2166
"18 Örebro county","311 Physical and engineering science technicians","joint-stock corporations not controlled by the government sector","women",495,488,486,468
"18 Örebro county","311 Physical and engineering science technicians","other corporations not controlled by the government sector","men",8,7,24,25
"18 Örebro county","311 Physical and engineering science technicians","other corporations not controlled by the government sector","women",0,0,1,1
"18 Örebro county","311 Physical and engineering science technicians","central government corporations and organisations","men",37,34,36,41
"18 Örebro county","311 Physical and engineering science technicians","central government corporations and organisations","women",3,2,11,10
"18 Örebro county","311 Physical and engineering science technicians","local government corporations and organisations","men",41,47,55,55
"18 Örebro county","311 Physical and engineering science technicians","local government corporations and organisations","women",5,4,5,3
"18 Örebro county","311 Physical and engineering science technicians","other organisations","men",10,10,10,10
"18 Örebro county","311 Physical and engineering science technicians","other organisations","women",1,0,2,0
"18 Örebro county","311 Physical and engineering science technicians","information missing","men",0,0,0,0
"18 Örebro county","311 Physical and engineering science technicians","information missing","women",0,0,0,0
"19 Västmanland county","311 Physical and engineering science technicians","central government","men",61,60,78,106
"19 Västmanland county","311 Physical and engineering science technicians","central government","women",12,10,27,38
"19 Västmanland county","311 Physical and engineering science technicians","central government quasi-corporations","men",0,0,0,0
"19 Västmanland county","311 Physical and engineering science technicians","central government quasi-corporations","women",0,0,0,0
"19 Västmanland county","311 Physical and engineering science technicians","primary local government","men",66,71,67,60
"19 Västmanland county","311 Physical and engineering science technicians","primary local government","women",35,35,40,40
"19 Västmanland county","311 Physical and engineering science technicians","county councils","men",15,16,15,17
"19 Västmanland county","311 Physical and engineering science technicians","county councils","women",4,6,8,7
"19 Västmanland county","311 Physical and engineering science technicians","other public institutions","men",0,0,0,0
"19 Västmanland county","311 Physical and engineering science technicians","other public institutions","women",0,0,0,0
"19 Västmanland county","311 Physical and engineering science technicians","joint-stock corporations not controlled by the government sector","men",2319,2312,2406,2377
"19 Västmanland county","311 Physical and engineering science technicians","joint-stock corporations not controlled by the government sector","women",392,388,475,479
"19 Västmanland county","311 Physical and engineering science technicians","other corporations not controlled by the government sector","men",34,27,23,11
"19 Västmanland county","311 Physical and engineering science technicians","other corporations not controlled by the government sector","women",4,3,1,1
"19 Västmanland county","311 Physical and engineering science technicians","central government corporations and organisations","men",25,24,25,33
"19 Västmanland county","311 Physical and engineering science technicians","central government corporations and organisations","women",6,5,6,7
"19 Västmanland county","311 Physical and engineering science technicians","local government corporations and organisations","men",157,172,165,202
"19 Västmanland county","311 Physical and engineering science technicians","local government corporations and organisations","women",44,47,61,65
"19 Västmanland county","311 Physical and engineering science technicians","other organisations","men",6,3,7,5
"19 Västmanland county","311 Physical and engineering science technicians","other organisations","women",3,4,3,2
"19 Västmanland county","311 Physical and engineering science technicians","information missing","men",0,0,0,0
"19 Västmanland county","311 Physical and engineering science technicians","information missing","women",0,0,0,0
"20 Dalarna county","311 Physical and engineering science technicians","central government","men",48,52,56,37
"20 Dalarna county","311 Physical and engineering science technicians","central government","women",26,26,27,28
"20 Dalarna county","311 Physical and engineering science technicians","central government quasi-corporations","men",0,0,0,0
"20 Dalarna county","311 Physical and engineering science technicians","central government quasi-corporations","women",0,0,0,0
"20 Dalarna county","311 Physical and engineering science technicians","primary local government","men",61,54,61,71
"20 Dalarna county","311 Physical and engineering science technicians","primary local government","women",30,36,33,41
"20 Dalarna county","311 Physical and engineering science technicians","county councils","men",11,12,12,14
"20 Dalarna county","311 Physical and engineering science technicians","county councils","women",6,6,5,4
"20 Dalarna county","311 Physical and engineering science technicians","other public institutions","men",0,0,0,0
"20 Dalarna county","311 Physical and engineering science technicians","other public institutions","women",0,0,0,0
"20 Dalarna county","311 Physical and engineering science technicians","joint-stock corporations not controlled by the government sector","men",2029,2011,2092,2085
"20 Dalarna county","311 Physical and engineering science technicians","joint-stock corporations not controlled by the government sector","women",313,353,376,409
"20 Dalarna county","311 Physical and engineering science technicians","other corporations not controlled by the government sector","men",4,2,21,22
"20 Dalarna county","311 Physical and engineering science technicians","other corporations not controlled by the government sector","women",1,0,1,0
"20 Dalarna county","311 Physical and engineering science technicians","central government corporations and organisations","men",45,48,52,54
"20 Dalarna county","311 Physical and engineering science technicians","central government corporations and organisations","women",9,6,9,10
"20 Dalarna county","311 Physical and engineering science technicians","local government corporations and organisations","men",70,65,88,100
"20 Dalarna county","311 Physical and engineering science technicians","local government corporations and organisations","women",20,22,24,26
"20 Dalarna county","311 Physical and engineering science technicians","other organisations","men",16,28,27,17
"20 Dalarna county","311 Physical and engineering science technicians","other organisations","women",1,2,0,0
"20 Dalarna county","311 Physical and engineering science technicians","information missing","men",0,0,0,0
"20 Dalarna county","311 Physical and engineering science technicians","information missing","women",0,0,0,0
"21 Gävleborg county","311 Physical and engineering science technicians","central government","men",55,62,59,55
"21 Gävleborg county","311 Physical and engineering science technicians","central government","women",50,50,58,57
"21 Gävleborg county","311 Physical and engineering science technicians","central government quasi-corporations","men",0,0,0,0
"21 Gävleborg county","311 Physical and engineering science technicians","central government quasi-corporations","women",0,0,0,0
"21 Gävleborg county","311 Physical and engineering science technicians","primary local government","men",54,60,53,61
"21 Gävleborg county","311 Physical and engineering science technicians","primary local government","women",38,38,37,36
"21 Gävleborg county","311 Physical and engineering science technicians","county councils","men",3,6,10,12
"21 Gävleborg county","311 Physical and engineering science technicians","county councils","women",0,2,3,7
"21 Gävleborg county","311 Physical and engineering science technicians","other public institutions","men",0,0,0,0
"21 Gävleborg county","311 Physical and engineering science technicians","other public institutions","women",0,0,0,0
"21 Gävleborg county","311 Physical and engineering science technicians","joint-stock corporations not controlled by the government sector","men",1745,1747,1946,2052
"21 Gävleborg county","311 Physical and engineering science technicians","joint-stock corporations not controlled by the government sector","women",252,254,303,333
"21 Gävleborg county","311 Physical and engineering science technicians","other corporations not controlled by the government sector","men",11,19,34,28
"21 Gävleborg county","311 Physical and engineering science technicians","other corporations not controlled by the government sector","women",2,3,5,4
"21 Gävleborg county","311 Physical and engineering science technicians","central government corporations and organisations","men",46,53,50,44
"21 Gävleborg county","311 Physical and engineering science technicians","central government corporations and organisations","women",16,15,10,10
"21 Gävleborg county","311 Physical and engineering science technicians","local government corporations and organisations","men",111,121,140,149
"21 Gävleborg county","311 Physical and engineering science technicians","local government corporations and organisations","women",31,31,35,39
"21 Gävleborg county","311 Physical and engineering science technicians","other organisations","men",11,9,12,10
"21 Gävleborg county","311 Physical and engineering science technicians","other organisations","women",2,3,4,4
"21 Gävleborg county","311 Physical and engineering science technicians","information missing","men",0,0,0,0
"21 Gävleborg county","311 Physical and engineering science technicians","information missing","women",0,0,0,0
"22 Västernorrland county","311 Physical and engineering science technicians","central government","men",46,42,46,41
"22 Västernorrland county","311 Physical and engineering science technicians","central government","women",4,7,8,8
"22 Västernorrland county","311 Physical and engineering science technicians","central government quasi-corporations","men",1,2,1,0
"22 Västernorrland county","311 Physical and engineering science technicians","central government quasi-corporations","women",1,1,1,1
"22 Västernorrland county","311 Physical and engineering science technicians","primary local government","men",71,61,69,72
"22 Västernorrland county","311 Physical and engineering science technicians","primary local government","women",42,46,46,38
"22 Västernorrland county","311 Physical and engineering science technicians","county councils","men",10,14,10,8
"22 Västernorrland county","311 Physical and engineering science technicians","county councils","women",3,4,2,1
"22 Västernorrland county","311 Physical and engineering science technicians","other public institutions","men",0,0,0,0
"22 Västernorrland county","311 Physical and engineering science technicians","other public institutions","women",0,0,0,0
"22 Västernorrland county","311 Physical and engineering science technicians","joint-stock corporations not controlled by the government sector","men",1937,1886,1889,1895
"22 Västernorrland county","311 Physical and engineering science technicians","joint-stock corporations not controlled by the government sector","women",303,301,302,311
"22 Västernorrland county","311 Physical and engineering science technicians","other corporations not controlled by the government sector","men",13,13,15,13
"22 Västernorrland county","311 Physical and engineering science technicians","other corporations not controlled by the government sector","women",1,0,0,3
"22 Västernorrland county","311 Physical and engineering science technicians","central government corporations and organisations","men",71,88,75,86
"22 Västernorrland county","311 Physical and engineering science technicians","central government corporations and organisations","women",9,8,8,11
"22 Västernorrland county","311 Physical and engineering science technicians","local government corporations and organisations","men",84,86,99,104
"22 Västernorrland county","311 Physical and engineering science technicians","local government corporations and organisations","women",28,28,27,24
"22 Västernorrland county","311 Physical and engineering science technicians","other organisations","men",15,17,17,14
"22 Västernorrland county","311 Physical and engineering science technicians","other organisations","women",4,4,2,3
"22 Västernorrland county","311 Physical and engineering science technicians","information missing","men",0,0,0,0
"22 Västernorrland county","311 Physical and engineering science technicians","information missing","women",0,0,0,0
"23 Jämtland county","311 Physical and engineering science technicians","central government","men",8,9,10,16
"23 Jämtland county","311 Physical and engineering science technicians","central government","women",2,4,4,8
"23 Jämtland county","311 Physical and engineering science technicians","central government quasi-corporations","men",0,0,0,0
"23 Jämtland county","311 Physical and engineering science technicians","central government quasi-corporations","women",0,0,0,0
"23 Jämtland county","311 Physical and engineering science technicians","primary local government","men",70,64,57,65
"23 Jämtland county","311 Physical and engineering science technicians","primary local government","women",25,20,22,27
"23 Jämtland county","311 Physical and engineering science technicians","county councils","men",6,6,6,7
"23 Jämtland county","311 Physical and engineering science technicians","county councils","women",1,2,2,2
"23 Jämtland county","311 Physical and engineering science technicians","other public institutions","men",0,0,0,0
"23 Jämtland county","311 Physical and engineering science technicians","other public institutions","women",0,0,0,0
"23 Jämtland county","311 Physical and engineering science technicians","joint-stock corporations not controlled by the government sector","men",457,445,456,444
"23 Jämtland county","311 Physical and engineering science technicians","joint-stock corporations not controlled by the government sector","women",64,62,59,66
"23 Jämtland county","311 Physical and engineering science technicians","other corporations not controlled by the government sector","men",10,8,9,8
"23 Jämtland county","311 Physical and engineering science technicians","other corporations not controlled by the government sector","women",0,0,0,0
"23 Jämtland county","311 Physical and engineering science technicians","central government corporations and organisations","men",49,45,51,51
"23 Jämtland county","311 Physical and engineering science technicians","central government corporations and organisations","women",5,4,5,4
"23 Jämtland county","311 Physical and engineering science technicians","local government corporations and organisations","men",80,83,86,88
"23 Jämtland county","311 Physical and engineering science technicians","local government corporations and organisations","women",4,6,5,8
"23 Jämtland county","311 Physical and engineering science technicians","other organisations","men",23,22,21,18
"23 Jämtland county","311 Physical and engineering science technicians","other organisations","women",3,3,4,4
"23 Jämtland county","311 Physical and engineering science technicians","information missing","men",0,0,0,0
"23 Jämtland county","311 Physical and engineering science technicians","information missing","women",0,0,0,0
"24 Västerbotten county","311 Physical and engineering science technicians","central government","men",26,27,32,25
"24 Västerbotten county","311 Physical and engineering science technicians","central government","women",4,7,11,15
"24 Västerbotten county","311 Physical and engineering science technicians","central government quasi-corporations","men",0,0,0,0
"24 Västerbotten county","311 Physical and engineering science technicians","central government quasi-corporations","women",0,0,0,0
"24 Västerbotten county","311 Physical and engineering science technicians","primary local government","men",105,102,114,110
"24 Västerbotten county","311 Physical and engineering science technicians","primary local government","women",52,52,53,56
"24 Västerbotten county","311 Physical and engineering science technicians","county councils","men",6,15,15,13
"24 Västerbotten county","311 Physical and engineering science technicians","county councils","women",0,2,1,1
"24 Västerbotten county","311 Physical and engineering science technicians","other public institutions","men",0,0,0,0
"24 Västerbotten county","311 Physical and engineering science technicians","other public institutions","women",0,0,0,0
"24 Västerbotten county","311 Physical and engineering science technicians","joint-stock corporations not controlled by the government sector","men",1612,2462,2575,2581
"24 Västerbotten county","311 Physical and engineering science technicians","joint-stock corporations not controlled by the government sector","women",199,314,340,370
"24 Västerbotten county","311 Physical and engineering science technicians","other corporations not controlled by the government sector","men",37,40,33,25
"24 Västerbotten county","311 Physical and engineering science technicians","other corporations not controlled by the government sector","women",7,5,3,4
"24 Västerbotten county","311 Physical and engineering science technicians","central government corporations and organisations","men",137,139,128,137
"24 Västerbotten county","311 Physical and engineering science technicians","central government corporations and organisations","women",41,30,35,57
"24 Västerbotten county","311 Physical and engineering science technicians","local government corporations and organisations","men",130,134,216,232
"24 Västerbotten county","311 Physical and engineering science technicians","local government corporations and organisations","women",29,29,50,54
"24 Västerbotten county","311 Physical and engineering science technicians","other organisations","men",24,32,31,30
"24 Västerbotten county","311 Physical and engineering science technicians","other organisations","women",7,3,3,5
"24 Västerbotten county","311 Physical and engineering science technicians","information missing","men",0,0,0,0
"24 Västerbotten county","311 Physical and engineering science technicians","information missing","women",0,0,0,0
"25 Norrbotten county","311 Physical and engineering science technicians","central government","men",242,252,262,239
"25 Norrbotten county","311 Physical and engineering science technicians","central government","women",49,55,62,61
"25 Norrbotten county","311 Physical and engineering science technicians","central government quasi-corporations","men",0,0,0,0
"25 Norrbotten county","311 Physical and engineering science technicians","central government quasi-corporations","women",0,0,0,0
"25 Norrbotten county","311 Physical and engineering science technicians","primary local government","men",83,80,93,87
"25 Norrbotten county","311 Physical and engineering science technicians","primary local government","women",35,39,44,47
"25 Norrbotten county","311 Physical and engineering science technicians","county councils","men",12,14,11,12
"25 Norrbotten county","311 Physical and engineering science technicians","county councils","women",0,0,2,0
"25 Norrbotten county","311 Physical and engineering science technicians","other public institutions","men",0,0,0,0
"25 Norrbotten county","311 Physical and engineering science technicians","other public institutions","women",0,0,0,0
"25 Norrbotten county","311 Physical and engineering science technicians","joint-stock corporations not controlled by the government sector","men",1288,1271,1352,1330
"25 Norrbotten county","311 Physical and engineering science technicians","joint-stock corporations not controlled by the government sector","women",176,187,222,237
"25 Norrbotten county","311 Physical and engineering science technicians","other corporations not controlled by the government sector","men",5,4,24,30
"25 Norrbotten county","311 Physical and engineering science technicians","other corporations not controlled by the government sector","women",3,2,8,8
"25 Norrbotten county","311 Physical and engineering science technicians","central government corporations and organisations","men",444,497,425,444
"25 Norrbotten county","311 Physical and engineering science technicians","central government corporations and organisations","women",128,129,114,136
"25 Norrbotten county","311 Physical and engineering science technicians","local government corporations and organisations","men",78,78,83,81
"25 Norrbotten county","311 Physical and engineering science technicians","local government corporations and organisations","women",11,10,10,10
"25 Norrbotten county","311 Physical and engineering science technicians","other organisations","men",18,14,19,20
"25 Norrbotten county","311 Physical and engineering science technicians","other organisations","women",2,2,1,1
"25 Norrbotten county","311 Physical and engineering science technicians","information missing","men",0,0,0,0
"25 Norrbotten county","311 Physical and engineering science technicians","information missing","women",0,0,0,0
"99 County unknown","311 Physical and engineering science technicians","central government","men",10,6,6,6
"99 County unknown","311 Physical and engineering science technicians","central government","women",1,1,0,1
"99 County unknown","311 Physical and engineering science technicians","central government quasi-corporations","men",0,0,0,0
"99 County unknown","311 Physical and engineering science technicians","central government quasi-corporations","women",0,0,0,0
"99 County unknown","311 Physical and engineering science technicians","primary local government","men",0,0,0,0
"99 County unknown","311 Physical and engineering science technicians","primary local government","women",0,0,0,0
"99 County unknown","311 Physical and engineering science technicians","county councils","men",0,0,0,0
"99 County unknown","311 Physical and engineering science technicians","county councils","women",0,0,0,0
"99 County unknown","311 Physical and engineering science technicians","other public institutions","men",0,0,0,0
"99 County unknown","311 Physical and engineering science technicians","other public institutions","women",0,0,0,0
"99 County unknown","311 Physical and engineering science technicians","joint-stock corporations not controlled by the government sector","men",28,22,21,24
"99 County unknown","311 Physical and engineering science technicians","joint-stock corporations not controlled by the government sector","women",3,0,1,0
"99 County unknown","311 Physical and engineering science technicians","other corporations not controlled by the government sector","men",0,0,0,0
"99 County unknown","311 Physical and engineering science technicians","other corporations not controlled by the government sector","women",0,0,0,0
"99 County unknown","311 Physical and engineering science technicians","central government corporations and organisations","men",1,0,0,0
"99 County unknown","311 Physical and engineering science technicians","central government corporations and organisations","women",0,0,0,0
"99 County unknown","311 Physical and engineering science technicians","local government corporations and organisations","men",0,0,0,0
"99 County unknown","311 Physical and engineering science technicians","local government corporations and organisations","women",0,0,0,0
"99 County unknown","311 Physical and engineering science technicians","other organisations","men",0,0,0,0
"99 County unknown","311 Physical and engineering science technicians","other organisations","women",0,0,0,0
"99 County unknown","311 Physical and engineering science technicians","information missing","men",0,0,0,0
"99 County unknown","311 Physical and engineering science technicians","information missing","women",0,0,0,0
